Date,Symbol,Open,High,Low,Close,Volume From,Volume To
2018-11-11 11-PM,BTCUSD,6312.56,6359.95,6311,6357.6,254.46,1610788.34
2018-11-11 10-PM,BTCUSD,6316.22,6317.33,6310,6312.56,97.05,612751.28
2018-11-11 09-PM,BTCUSD,6328.61,6328.62,6315.34,6316.22,96.2,608354.5
2018-11-11 08-PM,BTCUSD,6323.51,6329.99,6323.5,6328.61,111.24,703925.79
2018-11-11 07-PM,BTCUSD,6320,6330,6318.18,6323.51,98.73,624524.09
2018-11-11 06-PM,BTCUSD,6315,6320,6310.17,6320,149.0,941212.43
2018-11-11 05-PM,BTCUSD,6310,6320,6306.28,6315,118.26,746603.49
2018-11-11 04-PM,BTCUSD,6308.99,6322.18,6296.5,6310,108.87,686814.09
2018-11-11 03-PM,BTCUSD,6337.81,6339.39,6271.15,6308.99,353.48,2227959.43
2018-11-11 02-PM,BTCUSD,6333.68,6339.39,6332.03,6337.81,50.06,317229.6
2018-11-11 01-PM,BTCUSD,6343.25,6347.91,6329.64,6333.68,71.1,450717.58
2018-11-11 12-PM,BTCUSD,6343.42,6344.88,6342.32,6343.25,27.29,173137.31
2018-11-11 11-AM,BTCUSD,6348.17,6350,6343,6343.42,25.94,164651.61
2018-11-11 10-AM,BTCUSD,6352.65,6355,6345.13,6348.17,41.24,261850.55
2018-11-11 09-AM,BTCUSD,6358.34,6358.34,6352,6352.65,30.33,192773.46
2018-11-11 08-AM,BTCUSD,6358.88,6359.99,6357.16,6358.34,42.23,268567.43
2018-11-11 07-AM,BTCUSD,6356.28,6358.88,6355.64,6358.88,44.99,286020.09
2018-11-11 06-AM,BTCUSD,6350.04,6357.33,6350.03,6356.28,79.66,506193.67
2018-11-11 05-AM,BTCUSD,6353.32,6353.53,6347.57,6350.04,83.57,530796.83
2018-11-11 04-AM,BTCUSD,6351.65,6354.75,6349.13,6353.32,70.08,445243.59
2018-11-11 03-AM,BTCUSD,6355.44,6357.41,6347.43,6351.65,82.75,525646.35
2018-11-11 02-AM,BTCUSD,6360,6360,6354.93,6355.44,67.52,429224.18
2018-11-11 01-AM,BTCUSD,6356.97,6360,6356.47,6360,71.95,457478.39
2018-11-11 12-AM,BTCUSD,6347.42,6358.6,6347.41,6356.97,86.03,546668.63
2018-11-10 11-PM,BTCUSD,6363.95,6365,6347.41,6347.42,135.21,859166.18
2018-11-10 10-PM,BTCUSD,6361.26,6364.78,6360.43,6363.95,90.26,574255.97
2018-11-10 09-PM,BTCUSD,6365,6367.27,6360.36,6361.26,122.3,778512.07
2018-11-10 08-PM,BTCUSD,6358.39,6365,6358.39,6365,103.73,659817.03
2018-11-10 07-PM,BTCUSD,6359.01,6360.98,6355.67,6358.39,165.94,1055052.73
2018-11-10 06-PM,BTCUSD,6368.71,6368.71,6359,6359.01,103.74,660210.44
2018-11-10 05-PM,BTCUSD,6369.99,6374,6368,6368.71,99.39,633240.22
2018-11-10 04-PM,BTCUSD,6362.82,6369.99,6361,6369.99,107.97,687588.9
2018-11-10 03-PM,BTCUSD,6364.46,6365,6360.68,6362.82,105.22,669493.77
2018-11-10 02-PM,BTCUSD,6365.51,6365.51,6359.23,6364.46,123.83,787824.73
2018-11-10 01-PM,BTCUSD,6362.98,6368.57,6362.97,6365.51,101.91,648854.9
2018-11-10 12-PM,BTCUSD,6353.41,6363,6353.41,6362.98,120.03,763353.11
2018-11-10 11-AM,BTCUSD,6341.5,6353.42,6341.5,6353.41,41.54,263729.5
2018-11-10 10-AM,BTCUSD,6353.33,6353.33,6341.5,6341.5,48.15,305628.6
2018-11-10 09-AM,BTCUSD,6355.56,6355.56,6353.32,6353.33,42.46,269790.58
2018-11-10 08-AM,BTCUSD,6357.96,6359.02,6355.55,6355.56,30.05,191051.95
2018-11-10 07-AM,BTCUSD,6353.55,6359.99,6353.55,6357.96,56.85,361371.42
2018-11-10 06-AM,BTCUSD,6353.6,6359.99,6353.55,6353.55,108.71,690994.22
2018-11-10 05-AM,BTCUSD,6350,6353.6,6348.11,6353.6,95.93,609201.11
2018-11-10 04-AM,BTCUSD,6344.76,6350,6342.85,6350,177.02,1123701.99
2018-11-10 03-AM,BTCUSD,6340.29,6344.76,6340.27,6344.76,58.45,370735.89
2018-11-10 02-AM,BTCUSD,6336.01,6346.06,6336,6340.29,101.74,645412.5
2018-11-10 01-AM,BTCUSD,6336.01,6336.01,6336,6336.01,78.81,499364.87
2018-11-10 12-AM,BTCUSD,6334.89,6336.69,6327.46,6336.01,147.32,933292.32
2018-11-09 11-PM,BTCUSD,6324.01,6334.98,6324,6334.89,162.17,1026479.71
2018-11-09 10-PM,BTCUSD,6325.83,6325.83,6320.94,6324.01,220.47,1393946.59
2018-11-09 09-PM,BTCUSD,6342.07,6342.07,6309.45,6325.83,312.95,1978769.96
2018-11-09 08-PM,BTCUSD,6340,6342.07,6339.99,6342.07,132.84,842304.92
2018-11-09 07-PM,BTCUSD,6334.49,6340,6331,6340,171.5,1086312.31
2018-11-09 06-PM,BTCUSD,6347.19,6347.2,6333.01,6334.49,206.21,1308117.91
2018-11-09 05-PM,BTCUSD,6349.98,6349.99,6346.99,6347.19,140.17,889932.22
2018-11-09 04-PM,BTCUSD,6344.7,6349.99,6341.66,6349.98,138.08,876392.8
2018-11-09 03-PM,BTCUSD,6341.32,6348,6334.99,6344.7,144.96,919331.05
2018-11-09 02-PM,BTCUSD,6353.59,6354.03,6311.46,6341.32,298.4,1889215.19
2018-11-09 01-PM,BTCUSD,6361.14,6361.14,6332.45,6353.59,214.01,1358758.46
2018-11-09 12-PM,BTCUSD,6352.76,6361.2,6352.55,6361.14,85.52,543686.91
2018-11-09 11-AM,BTCUSD,6354.99,6358,6352.76,6352.76,80.98,514592.05
2018-11-09 10-AM,BTCUSD,6355.01,6357.32,6345,6354.99,166.59,1058614.73
2018-11-09 09-AM,BTCUSD,6402,6402.01,6335.62,6355.01,646.16,4110147.82
2018-11-09 08-AM,BTCUSD,6404.99,6405.35,6402,6402,61.75,395534.79
2018-11-09 07-AM,BTCUSD,6402.47,6405,6402.46,6404.99,90.1,576983.08
2018-11-09 06-AM,BTCUSD,6402.43,6402.47,6402.42,6402.47,88.98,569717.33
2018-11-09 05-AM,BTCUSD,6402.43,6404.38,6402.42,6402.43,84.56,541398.79
2018-11-09 04-AM,BTCUSD,6399.77,6405.35,6399.76,6402.43,214.51,1373554.5
2018-11-09 03-AM,BTCUSD,6393.02,6399.8,6393.01,6399.77,190.47,1218462.53
2018-11-09 02-AM,BTCUSD,6409.38,6409.99,6393.01,6393.02,222.66,1426082.31
2018-11-09 01-AM,BTCUSD,6412.35,6414.51,6406,6409.38,127.62,817887.59
2018-11-09 12-AM,BTCUSD,6406.25,6415,6406.24,6412.35,175.76,1126465.73
2018-11-08 11-PM,BTCUSD,6410.03,6410.03,6402,6406.25,276.0,1768238.34
2018-11-08 10-PM,BTCUSD,6419.01,6424.98,6410.02,6410.03,182.34,1170504.01
2018-11-08 09-PM,BTCUSD,6419.06,6428.18,6419,6419.01,198.64,1275999.15
2018-11-08 08-PM,BTCUSD,6416,6425,6415.99,6419.06,248.43,1595422.08
2018-11-08 07-PM,BTCUSD,6418.99,6418.99,6415.13,6416,161.66,1037175.42
2018-11-08 06-PM,BTCUSD,6424.16,6430.27,6416.96,6418.99,170.18,1093094.64
2018-11-08 05-PM,BTCUSD,6427.02,6427.02,6408.88,6424.16,178.08,1142939.28
2018-11-08 04-PM,BTCUSD,6462.27,6462.27,6391.99,6427.02,1007.67,6469256.38
2018-11-08 03-PM,BTCUSD,6485.94,6486.39,6462.26,6462.27,189.95,1229549.03
2018-11-08 02-PM,BTCUSD,6478.25,6490.34,6470.63,6485.94,230.73,1495748.41
2018-11-08 01-PM,BTCUSD,6472.91,6482.41,6464.3,6478.25,114.01,738196.22
2018-11-08 12-PM,BTCUSD,6454.58,6473.98,6454.57,6472.91,122.18,789728.91
2018-11-08 11-AM,BTCUSD,6460.01,6464.99,6452.5,6454.58,80.4,519349.89
2018-11-08 10-AM,BTCUSD,6451.46,6461.97,6451.45,6460.01,73.97,477459.98
2018-11-08 09-AM,BTCUSD,6451,6451.46,6450,6451.46,51.57,332635.93
2018-11-08 08-AM,BTCUSD,6455.38,6460.23,6451,6451,38.59,249197.73
2018-11-08 07-AM,BTCUSD,6450.29,6456,6450.28,6455.38,62.38,402425.01
2018-11-08 06-AM,BTCUSD,6450.01,6451.22,6450,6450.29,66.94,431824.12
2018-11-08 05-AM,BTCUSD,6455,6457,6450,6450.01,88.39,570361.57
2018-11-08 04-AM,BTCUSD,6443.72,6457.07,6441,6455,235.04,1516332.01
2018-11-08 03-AM,BTCUSD,6467.27,6467.27,6441.01,6443.72,388.93,2510368.19
2018-11-08 02-AM,BTCUSD,6492.91,6500,6454.1,6467.27,375.13,2428942.29
2018-11-08 01-AM,BTCUSD,6503.33,6506.5,6492.35,6492.91,166.55,1082474.63
2018-11-08 12-AM,BTCUSD,6503.12,6511.88,6502.3,6503.33,221.52,1441502.09
2018-11-07 11-PM,BTCUSD,6499.8,6504,6494.07,6503.12,147.68,959838.99
2018-11-07 10-PM,BTCUSD,6499.83,6501.01,6499.8,6499.8,223.95,1455699.21
2018-11-07 09-PM,BTCUSD,6506.99,6507,6499.82,6499.83,174.34,1133305.86
2018-11-07 08-PM,BTCUSD,6511.01,6511.01,6506.99,6506.99,194.99,1269345.87
2018-11-07 07-PM,BTCUSD,6510.92,6514,6510.91,6511.01,208.81,1359935.19
2018-11-07 06-PM,BTCUSD,6509.99,6513.95,6509.98,6510.92,303.59,1976370.54
2018-11-07 05-PM,BTCUSD,6506.99,6510,6506.99,6509.99,266.26,1733272.82
2018-11-07 04-PM,BTCUSD,6494.99,6507,6494.99,6506.99,312.48,2031694.06
2018-11-07 03-PM,BTCUSD,6499.98,6499.98,6490.1,6494.99,204.46,1327887.42
2018-11-07 02-PM,BTCUSD,6514.35,6519.05,6494,6499.98,251.07,1632985.67
2018-11-07 01-PM,BTCUSD,6502.03,6516.37,6502,6514.35,157.95,1027883.4
2018-11-07 12-PM,BTCUSD,6505,6508.07,6501.01,6502.03,96.53,627878.85
2018-11-07 11-AM,BTCUSD,6506.84,6509.04,6490.88,6505,75.88,493258.8
2018-11-07 10-AM,BTCUSD,6507.77,6507.97,6502,6506.84,70.32,457429.08
2018-11-07 09-AM,BTCUSD,6517.65,6522.81,6507.75,6507.77,73.16,476512.66
2018-11-07 08-AM,BTCUSD,6502,6526.81,6502,6517.65,178.44,1162675.71
2018-11-07 07-AM,BTCUSD,6506.74,6513.65,6502,6502,81.04,527363.2
2018-11-07 06-AM,BTCUSD,6507.96,6507.96,6500.01,6506.74,76.01,494268.74
2018-11-07 05-AM,BTCUSD,6496.9,6509,6496.9,6507.96,117.78,765954.07
2018-11-07 04-AM,BTCUSD,6509.2,6509.56,6496,6496.9,201.97,1313848.92
2018-11-07 03-AM,BTCUSD,6517.36,6528.35,6506,6509.2,252.02,1642576.54
2018-11-07 02-AM,BTCUSD,6528.44,6532.35,6517.02,6517.36,258.03,1683989.36
2018-11-07 01-AM,BTCUSD,6500,6528.44,6500,6528.44,259.7,1691251.91
2018-11-07 12-AM,BTCUSD,6448.5,6540,6448.5,6500,1354.54,8797749.69
2018-11-06 11-PM,BTCUSD,6437,6448.5,6436.61,6448.5,289.37,1863778.4
2018-11-06 10-PM,BTCUSD,6421.41,6445,6421.4,6437,288.12,1853262.53
2018-11-06 09-PM,BTCUSD,6418.55,6421.42,6418.54,6421.41,354.72,2277083.4
2018-11-06 08-PM,BTCUSD,6416.82,6419.2,6416.11,6418.55,251.27,1612538.15
2018-11-06 07-PM,BTCUSD,6424.62,6424.62,6416.82,6416.82,259.58,1666834.45
2018-11-06 06-PM,BTCUSD,6424.58,6435,6422.26,6424.62,469.8,3019292.78
2018-11-06 05-PM,BTCUSD,6422.07,6425.04,6421.65,6424.58,224.37,1441422.94
2018-11-06 04-PM,BTCUSD,6428.01,6428.01,6417.88,6422.07,216.03,1387513.24
2018-11-06 03-PM,BTCUSD,6418,6437,6416.82,6428.01,543.65,3494704.18
2018-11-06 02-PM,BTCUSD,6408,6420.11,6407.99,6418,252.64,1621026.18
2018-11-06 01-PM,BTCUSD,6408.6,6415,6405.62,6408,201.11,1289263.14
2018-11-06 12-PM,BTCUSD,6398.01,6418.47,6396.81,6408.6,191.64,1228062.69
2018-11-06 11-AM,BTCUSD,6414.58,6415,6393.43,6398.01,107.21,686747.3
2018-11-06 10-AM,BTCUSD,6430,6449.65,6409.44,6414.58,216.47,1392020.53
2018-11-06 09-AM,BTCUSD,6410.3,6430,6410,6430,172.07,1104741.53
2018-11-06 08-AM,BTCUSD,6398.58,6420.99,6398.45,6410.3,225.82,1447482.87
2018-11-06 07-AM,BTCUSD,6404.24,6404.25,6398.14,6398.58,80.42,514750.21
2018-11-06 06-AM,BTCUSD,6397,6404.99,6395,6404.24,74.83,478855.24
2018-11-06 05-AM,BTCUSD,6396.11,6400.78,6395.49,6397,87.54,560093.19
2018-11-06 04-AM,BTCUSD,6392.7,6398.67,6389,6396.11,137.52,879204.48
2018-11-06 03-AM,BTCUSD,6397.7,6399.28,6387.82,6392.7,121.8,778392.48
2018-11-06 02-AM,BTCUSD,6407.14,6407.98,6395,6397.7,142.51,912343.9
2018-11-06 01-AM,BTCUSD,6406.18,6409,6403,6407.14,123.07,788484.26
2018-11-06 12-AM,BTCUSD,6404,6409.99,6403.99,6406.18,226.12,1448630.26
2018-11-05 11-PM,BTCUSD,6399.99,6404,6395.74,6404,240.32,1538765.62
2018-11-05 10-PM,BTCUSD,6400,6400,6388.17,6399.99,192.8,1232968.6
2018-11-05 09-PM,BTCUSD,6397.14,6400,6397.13,6400,210.48,1346722.73
2018-11-05 08-PM,BTCUSD,6379.64,6400.03,6379.6,6397.14,266.86,1705667.46
2018-11-05 07-PM,BTCUSD,6373.5,6383.97,6373.49,6379.64,174.02,1109886.81
2018-11-05 06-PM,BTCUSD,6387.43,6390.86,6372,6373.5,357.12,2278641.53
2018-11-05 05-PM,BTCUSD,6404.19,6404.38,6385.72,6387.43,228.93,1463755.4
2018-11-05 04-PM,BTCUSD,6406.85,6409.51,6403.72,6404.19,169.89,1088028.26
2018-11-05 03-PM,BTCUSD,6404.44,6417.45,6404.43,6406.85,244.04,1564340.42
2018-11-05 02-PM,BTCUSD,6413.01,6417.5,6402,6404.44,242.59,1555241.67
2018-11-05 01-PM,BTCUSD,6407.24,6422.39,6404.5,6413.01,198.94,1275949.06
2018-11-05 12-PM,BTCUSD,6397.26,6410.01,6396.05,6407.24,196.95,1261423.89
2018-11-05 11-AM,BTCUSD,6395.09,6400,6395.08,6397.26,64.08,409946.67
2018-11-05 10-AM,BTCUSD,6397.2,6401.5,6392.84,6395.09,48.99,313464.53
2018-11-05 09-AM,BTCUSD,6388.01,6402.39,6388,6397.2,48.17,308121.29
2018-11-05 08-AM,BTCUSD,6411.08,6411.17,6388,6388.01,79.8,510749.41
2018-11-05 07-AM,BTCUSD,6414.97,6414.97,6410.44,6411.08,39.97,256330.29
2018-11-05 06-AM,BTCUSD,6408.9,6414.97,6408.01,6414.97,65.01,416865.68
2018-11-05 05-AM,BTCUSD,6407.45,6408.97,6406.5,6408.9,59.86,383588.51
2018-11-05 04-AM,BTCUSD,6410,6410.01,6406.4,6407.45,112.68,722023.07
2018-11-05 03-AM,BTCUSD,6421.04,6421.2,6410,6410,113.57,728878.3
2018-11-05 02-AM,BTCUSD,6419.01,6421.09,6413.01,6421.04,124.22,797312.42
2018-11-05 01-AM,BTCUSD,6439.98,6439.99,6416.06,6419.01,167.73,1078645.05
2018-11-05 12-AM,BTCUSD,6423.28,6439.99,6423.28,6439.98,231.2,1486140.7
2018-11-04 11-PM,BTCUSD,6411.01,6424,6411,6423.28,174.98,1123219.09
2018-11-04 10-PM,BTCUSD,6413.55,6417.11,6411,6411.01,179.69,1152455.86
2018-11-04 09-PM,BTCUSD,6413.44,6419.74,6411.4,6413.55,123.72,793836.78
2018-11-04 08-PM,BTCUSD,6426.82,6427.38,6411.05,6413.44,156.5,1004827.43
2018-11-04 07-PM,BTCUSD,6434.98,6440,6426.81,6426.82,200.15,1287341.04
2018-11-04 06-PM,BTCUSD,6413.23,6464.15,6413.22,6434.98,535.27,3447776.45
2018-11-04 05-PM,BTCUSD,6406.01,6419.76,6401.33,6413.23,181.7,1164656.55
2018-11-04 04-PM,BTCUSD,6432.88,6432.88,6403,6406.01,364.97,2340987.47
2018-11-04 03-PM,BTCUSD,6351,6440,6350.99,6432.88,595.11,3799899.88
2018-11-04 02-PM,BTCUSD,6350,6351,6341.29,6351,101.86,646529.57
2018-11-04 01-PM,BTCUSD,6345,6350,6342.05,6350,92.7,588241.64
2018-11-04 12-PM,BTCUSD,6343.75,6345.03,6343.75,6345,49.23,312342.69
2018-11-04 11-AM,BTCUSD,6338.99,6344.39,6338.98,6343.75,47.02,298167.34
2018-11-04 10-AM,BTCUSD,6336.07,6340,6335.66,6338.99,41.02,259974.72
2018-11-04 09-AM,BTCUSD,6342,6342.2,6335.32,6336.07,46.94,297590.32
2018-11-04 08-AM,BTCUSD,6337.72,6342,6337.71,6342,32.5,206012.7
2018-11-04 07-AM,BTCUSD,6335.69,6341.51,6335.69,6337.72,31.73,201152.44
2018-11-04 06-AM,BTCUSD,6334,6345,6332.21,6335.69,206.88,1311140.86
2018-11-04 05-AM,BTCUSD,6330.38,6334,6329.44,6334,60.76,384708.91
2018-11-04 04-AM,BTCUSD,6331.73,6332.66,6330,6330.38,80.8,511538.0
2018-11-04 03-AM,BTCUSD,6332.5,6333.29,6331.47,6331.73,80.51,509855.59
2018-11-04 02-AM,BTCUSD,6329.75,6332.5,6327.94,6332.5,114.7,726069.04
2018-11-04 01-AM,BTCUSD,6326.67,6331.13,6326.62,6329.75,97.36,616180.78
2018-11-04 12-AM,BTCUSD,6331.96,6331.97,6314.82,6326.67,189.13,1196324.77
2018-11-03 11-PM,BTCUSD,6334.93,6336.5,6329.47,6331.96,122.69,777007.0
2018-11-03 10-PM,BTCUSD,6332.47,6335.41,6332.47,6334.93,96.08,608555.66
2018-11-03 09-PM,BTCUSD,6340,6340,6329,6332.47,191.96,1215923.48
2018-11-03 08-PM,BTCUSD,6331.51,6340,6331.5,6340,105.21,666804.68
2018-11-03 07-PM,BTCUSD,6329.59,6334.25,6327.38,6331.51,120.97,765866.64
2018-11-03 06-PM,BTCUSD,6326.52,6329.89,6325,6329.59,130.12,823204.37
2018-11-03 05-PM,BTCUSD,6327.54,6330,6326.01,6326.52,109.16,690894.07
2018-11-03 04-PM,BTCUSD,6329.94,6329.94,6326.74,6327.54,94.26,596475.02
2018-11-03 03-PM,BTCUSD,6327.68,6330,6326.65,6329.94,121.71,770271.54
2018-11-03 02-PM,BTCUSD,6324.01,6329.78,6323.74,6327.68,110.78,700988.24
2018-11-03 01-PM,BTCUSD,6326.88,6335,6318,6324.01,129.44,818795.61
2018-11-03 12-PM,BTCUSD,6328.51,6332.87,6326.87,6326.88,82.29,520860.17
2018-11-03 11-AM,BTCUSD,6330.01,6334.61,6325.56,6328.51,58.69,371510.46
2018-11-03 10-AM,BTCUSD,6331.03,6333.95,6325,6330.01,52.93,335007.75
2018-11-03 09-AM,BTCUSD,6343.5,6343.5,6315.91,6331.03,264.7,1675001.04
2018-11-03 08-AM,BTCUSD,6343.04,6346.66,6341.34,6343.5,31.24,198206.27
2018-11-03 07-AM,BTCUSD,6340.49,6343.48,6340.32,6343.04,35.6,225801.6
2018-11-03 06-AM,BTCUSD,6340.01,6343.36,6340,6340.49,49.79,315767.74
2018-11-03 05-AM,BTCUSD,6337.01,6343.37,6337,6340.01,59.68,378408.48
2018-11-03 04-AM,BTCUSD,6342.22,6343.37,6334.74,6337.01,100.72,638449.54
2018-11-03 03-AM,BTCUSD,6345,6347.41,6341.18,6342.22,112.19,711876.57
2018-11-03 02-AM,BTCUSD,6348.5,6351.6,6341.27,6345,100.89,640285.99
2018-11-03 01-AM,BTCUSD,6346.12,6351.7,6345,6348.5,100.66,638922.46
2018-11-03 12-AM,BTCUSD,6349.8,6350.82,6343.39,6346.12,109.01,691937.49
2018-11-02 11-PM,BTCUSD,6345.83,6353.53,6341.44,6349.8,133.9,850007.39
2018-11-02 10-PM,BTCUSD,6354.38,6354.5,6344.99,6345.83,193.36,1228142.1
2018-11-02 09-PM,BTCUSD,6351.22,6355,6350.3,6354.38,159.33,1012309.12
2018-11-02 08-PM,BTCUSD,6354.95,6355,6350,6351.22,158.35,1006053.26
2018-11-02 07-PM,BTCUSD,6353.94,6357.31,6347.93,6354.95,193.7,1230362.85
2018-11-02 06-PM,BTCUSD,6348.98,6354.42,6348.22,6353.94,167.51,1064208.73
2018-11-02 05-PM,BTCUSD,6351.75,6358.79,6348.72,6348.98,179.22,1138832.32
2018-11-02 04-PM,BTCUSD,6359.99,6365,6350.83,6351.75,182.67,1161462.54
2018-11-02 03-PM,BTCUSD,6364.01,6372.61,6359.67,6359.99,233.22,1484674.59
2018-11-02 02-PM,BTCUSD,6358.8,6364.88,6355.39,6364.01,136.46,867904.41
2018-11-02 01-PM,BTCUSD,6344.99,6360.93,6344.99,6358.8,257.39,1636558.41
2018-11-02 12-PM,BTCUSD,6345,6349.99,6341.27,6344.99,112.68,715068.26
2018-11-02 11-AM,BTCUSD,6339.99,6345.52,6339.99,6345,79.53,504495.67
2018-11-02 10-AM,BTCUSD,6339.33,6343.15,6334.01,6339.99,60.78,385295.85
2018-11-02 09-AM,BTCUSD,6345.89,6345.89,6333.94,6339.33,355.78,2256515.26
2018-11-02 08-AM,BTCUSD,6349.89,6350,6345.88,6345.89,57.42,364607.11
2018-11-02 07-AM,BTCUSD,6352.14,6353.88,6345.84,6349.89,83.57,530688.25
2018-11-02 06-AM,BTCUSD,6356.34,6356.35,6350.17,6352.14,60.18,382417.0
2018-11-02 05-AM,BTCUSD,6355.01,6356.94,6355,6356.34,68.46,435092.62
2018-11-02 04-AM,BTCUSD,6358.5,6365.7,6355,6355.01,132.74,844333.29
2018-11-02 03-AM,BTCUSD,6357.38,6359.62,6354,6358.5,161.12,1024181.94
2018-11-02 02-AM,BTCUSD,6369.01,6369.99,6346.77,6357.38,317.87,2021541.43
2018-11-02 01-AM,BTCUSD,6378.77,6378.77,6366.48,6369.01,279.82,1782592.14
2018-11-02 12-AM,BTCUSD,6343.99,6378.77,6343.99,6378.77,237.98,1512337.89
2018-11-01 11-PM,BTCUSD,6339.75,6349.99,6337.97,6343.99,302.36,1917822.81
2018-11-01 10-PM,BTCUSD,6346.01,6349.89,6335.19,6339.75,167.66,1063180.45
2018-11-01 09-PM,BTCUSD,6337.23,6360,6330.06,6346.01,248.38,1574735.5
2018-11-01 08-PM,BTCUSD,6319.98,6337.37,6318.26,6337.23,341.01,2157087.57
2018-11-01 07-PM,BTCUSD,6313.96,6327,6313.71,6319.98,340.0,2148545.96
2018-11-01 06-PM,BTCUSD,6309.99,6315.18,6309.98,6313.96,227.06,1433465.92
2018-11-01 05-PM,BTCUSD,6305,6309.99,6304.24,6309.99,204.19,1287906.1
2018-11-01 04-PM,BTCUSD,6305.26,6305.64,6300.89,6305,186.35,1174713.69
2018-11-01 03-PM,BTCUSD,6307.51,6309,6304.81,6305.26,150.0,945982.82
2018-11-01 02-PM,BTCUSD,6304.01,6307.72,6303.25,6307.51,243.28,1533938.25
2018-11-01 01-PM,BTCUSD,6307.5,6307.51,6304,6304.01,385.72,2432445.08
2018-11-01 12-PM,BTCUSD,6308.92,6308.92,6307.5,6307.5,153.25,966679.47
2018-11-01 11-AM,BTCUSD,6308.22,6308.92,6307.9,6308.92,91.78,578997.26
2018-11-01 10-AM,BTCUSD,6307.32,6308.22,6307.31,6308.22,74.57,470360.13
2018-11-01 09-AM,BTCUSD,6301.93,6307.32,6301.93,6307.32,75.55,476434.73
2018-11-01 08-AM,BTCUSD,6307.32,6307.32,6301.36,6301.93,302.1,1904512.51
2018-11-01 07-AM,BTCUSD,6305.45,6307.32,6299.37,6307.32,164.11,1034383.18
2018-11-01 06-AM,BTCUSD,6295,6305.45,6294.01,6305.45,167.5,1054891.61
2018-11-01 05-AM,BTCUSD,6299.12,6300.45,6295,6295,55.41,349039.54
2018-11-01 04-AM,BTCUSD,6297.51,6299.15,6293.44,6299.12,73.74,464373.25
2018-11-01 03-AM,BTCUSD,6302.43,6302.43,6296.1,6297.51,97.61,614842.17
2018-11-01 02-AM,BTCUSD,6303.12,6304.72,6297,6302.43,136.36,859097.45
2018-11-01 01-AM,BTCUSD,6305.41,6305.62,6301.85,6303.12,76.74,483759.84
2018-11-01 12-AM,BTCUSD,6304.18,6307.85,6298.34,6305.41,130.98,825645.28
2018-10-31 11-PM,BTCUSD,6312.66,6313,6304.17,6304.18,158.15,997810.85
2018-10-31 10-PM,BTCUSD,6304.66,6313.33,6304.66,6312.66,284.26,1793229.9
2018-10-31 09-PM,BTCUSD,6301,6304.67,6296.37,6304.66,153.41,966618.25
2018-10-31 08-PM,BTCUSD,6304.09,6307.4,6300.03,6301,183.07,1153838.07
2018-10-31 07-PM,BTCUSD,6302.43,6305.72,6295.6,6304.09,188.44,1187516.78
2018-10-31 06-PM,BTCUSD,6295.58,6304.99,6293.01,6302.43,211.86,1334867.17
2018-10-31 05-PM,BTCUSD,6309.97,6310,6295.57,6295.58,423.6,2670745.99
2018-10-31 04-PM,BTCUSD,6332.84,6332.84,6300.11,6309.97,227.03,1432293.3
2018-10-31 03-PM,BTCUSD,6221.38,6353.24,6203.72,6332.84,1368.55,8592334.07
2018-10-31 02-PM,BTCUSD,6253.21,6254.1,6221.37,6221.38,593.39,3704520.68
2018-10-31 01-PM,BTCUSD,6262.51,6262.51,6253.2,6253.21,128.56,804582.66
2018-10-31 12-PM,BTCUSD,6261.49,6262.65,6260.71,6262.51,107.34,672163.95
2018-10-31 11-AM,BTCUSD,6263.89,6266.01,6260,6261.49,74.09,463996.98
2018-10-31 10-AM,BTCUSD,6253.77,6263.9,6253.69,6263.89,104.29,652663.31
2018-10-31 09-AM,BTCUSD,6257,6257.01,6253.76,6253.77,68.77,430120.36
2018-10-31 08-AM,BTCUSD,6258.92,6260.61,6257,6257,52.03,325654.05
2018-10-31 07-AM,BTCUSD,6260.02,6262.37,6258.91,6258.92,36.43,228017.32
2018-10-31 06-AM,BTCUSD,6265.01,6265.01,6260.01,6260.02,60.6,379567.17
2018-10-31 05-AM,BTCUSD,6264.49,6267.02,6264.48,6265.01,73.73,461974.47
2018-10-31 04-AM,BTCUSD,6266.41,6267.01,6261.31,6264.49,76.4,478588.48
2018-10-31 03-AM,BTCUSD,6267.88,6267.9,6266.4,6266.41,98.65,618318.71
2018-10-31 02-AM,BTCUSD,6261.58,6267.89,6260.26,6267.88,145.7,912450.52
2018-10-31 01-AM,BTCUSD,6271.65,6272,6261.57,6261.58,145.04,908814.0
2018-10-31 12-AM,BTCUSD,6267.63,6272,6267.62,6271.65,98.45,617383.04
2018-10-30 11-PM,BTCUSD,6272.93,6275.46,6267.62,6267.63,117.49,736911.36
2018-10-30 10-PM,BTCUSD,6269.99,6285,6264.57,6272.93,277.6,1741527.23
2018-10-30 09-PM,BTCUSD,6261.9,6270,6261.22,6269.99,233.42,1462955.59
2018-10-30 08-PM,BTCUSD,6254.91,6262.28,6252.22,6261.9,210.8,1318781.74
2018-10-30 07-PM,BTCUSD,6253.41,6254.94,6252.4,6254.91,190.88,1193713.36
2018-10-30 06-PM,BTCUSD,6258.01,6258.01,6240.54,6253.41,597.83,3736563.95
2018-10-30 05-PM,BTCUSD,6262.36,6264.45,6257.11,6258.01,220.01,1377460.93
2018-10-30 04-PM,BTCUSD,6264.84,6266,6262.36,6262.36,218.02,1365663.79
2018-10-30 03-PM,BTCUSD,6258.25,6265,6256.56,6264.84,227.37,1424092.86
2018-10-30 02-PM,BTCUSD,6260.01,6261,6254.03,6258.25,193.72,1212109.77
2018-10-30 01-PM,BTCUSD,6266,6266,6260,6260.01,130.32,816032.57
2018-10-30 12-PM,BTCUSD,6262.3,6271.62,6260.17,6266,152.73,956875.07
2018-10-30 11-AM,BTCUSD,6253.26,6264.11,6250,6262.3,81.72,510992.59
2018-10-30 10-AM,BTCUSD,6251,6253.27,6250.03,6253.26,43.44,271607.49
2018-10-30 09-AM,BTCUSD,6256,6256.99,6251,6251,62.47,390717.19
2018-10-30 08-AM,BTCUSD,6274.55,6274.55,6256,6256,92.25,577548.15
2018-10-30 07-AM,BTCUSD,6278.41,6280.31,6270.5,6274.55,63.5,398474.39
2018-10-30 06-AM,BTCUSD,6277.14,6279.78,6271.72,6278.41,92.28,579104.3
2018-10-30 05-AM,BTCUSD,6289,6289,6270.59,6277.14,67.94,426761.13
2018-10-30 04-AM,BTCUSD,6273.45,6289,6270.1,6289,131.13,823198.22
2018-10-30 03-AM,BTCUSD,6258.21,6281.4,6258.2,6273.45,163.44,1024789.11
2018-10-30 02-AM,BTCUSD,6260.01,6265.12,6256.29,6258.21,145.78,912617.46
2018-10-30 01-AM,BTCUSD,6266.01,6268.5,6256.72,6260.01,134.21,840583.68
2018-10-30 12-AM,BTCUSD,6266,6269.97,6260.59,6266.01,170.66,1069434.81
2018-10-29 11-PM,BTCUSD,6267.26,6267.88,6258.68,6266,212.95,1333755.71
2018-10-29 10-PM,BTCUSD,6236,6267.27,6236,6267.26,285.46,1784835.87
2018-10-29 09-PM,BTCUSD,6243.61,6243.61,6235,6236,180.84,1128456.56
2018-10-29 08-PM,BTCUSD,6246.56,6257.7,6240.68,6243.61,245.29,1533189.69
2018-10-29 07-PM,BTCUSD,6266.93,6269.21,6235.15,6246.56,378.43,2366912.15
2018-10-29 06-PM,BTCUSD,6267.52,6271.87,6264,6266.93,285.43,1788833.43
2018-10-29 05-PM,BTCUSD,6275.9,6275.9,6265,6267.52,256.12,1605714.83
2018-10-29 04-PM,BTCUSD,6279.99,6280,6272.01,6275.9,284.87,1788164.54
2018-10-29 03-PM,BTCUSD,6266.72,6280,6266.72,6279.99,166.89,1047131.99
2018-10-29 02-PM,BTCUSD,6266.33,6274.58,6260,6266.72,276.63,1733967.5
2018-10-29 01-PM,BTCUSD,6260.29,6299.26,6251.33,6266.33,717.65,4499048.08
2018-10-29 12-PM,BTCUSD,6332.23,6332.23,6211,6260.29,740.67,4640703.88
2018-10-29 11-AM,BTCUSD,6388.81,6388.81,6272.43,6332.23,922.97,5831316.54
2018-10-29 10-AM,BTCUSD,6382.23,6390,6382.22,6388.81,119.43,762858.86
2018-10-29 09-AM,BTCUSD,6395.36,6395.36,6382,6382.23,95.6,610764.43
2018-10-29 08-AM,BTCUSD,6399.02,6399.03,6395.35,6395.36,54.42,348133.53
2018-10-29 07-AM,BTCUSD,6403.48,6403.48,6399.02,6399.02,37.72,241489.89
2018-10-29 06-AM,BTCUSD,6403.67,6403.67,6403.47,6403.48,41.83,267880.22
2018-10-29 05-AM,BTCUSD,6403.71,6403.71,6403.65,6403.67,55.89,357892.25
2018-10-29 04-AM,BTCUSD,6409.26,6409.26,6403.7,6403.71,68.56,439273.53
2018-10-29 03-AM,BTCUSD,6412.91,6414.99,6405.01,6409.26,182.92,1172676.96
2018-10-29 02-AM,BTCUSD,6405.56,6413.47,6401.76,6412.91,327.91,2101801.99
2018-10-29 01-AM,BTCUSD,6405.99,6407.68,6398,6405.56,124.78,798928.53
2018-10-29 12-AM,BTCUSD,6403.62,6406.49,6399.61,6405.99,155.92,998346.02
2018-10-28 11-PM,BTCUSD,6396.13,6415,6395,6403.62,207.91,1331776.53
2018-10-28 10-PM,BTCUSD,6393.28,6398.78,6391,6396.13,123.38,789170.15
2018-10-28 09-PM,BTCUSD,6395.02,6396.78,6389.79,6393.28,162.11,1036257.5
2018-10-28 08-PM,BTCUSD,6393.01,6396.98,6380.01,6395.02,213.45,1363309.9
2018-10-28 07-PM,BTCUSD,6401.27,6403.5,6393.01,6393.01,101.47,649456.46
2018-10-28 06-PM,BTCUSD,6401.23,6403.5,6401.09,6401.27,71.21,455839.52
2018-10-28 05-PM,BTCUSD,6402.89,6405,6401.16,6401.23,80.11,512972.16
2018-10-28 04-PM,BTCUSD,6402.01,6403.83,6400,6402.89,90.61,580019.68
2018-10-28 03-PM,BTCUSD,6404.55,6404.7,6402,6402.01,84.83,543238.84
2018-10-28 02-PM,BTCUSD,6407.73,6407.73,6402.38,6404.55,70.92,454347.32
2018-10-28 01-PM,BTCUSD,6401.98,6408.6,6401.98,6407.73,65.74,421129.07
2018-10-28 12-PM,BTCUSD,6402.01,6402.39,6401.98,6401.98,39.82,254929.13
2018-10-28 11-AM,BTCUSD,6403.11,6403.17,6402,6402.01,27.28,174682.57
2018-10-28 10-AM,BTCUSD,6403.12,6403.57,6403.11,6403.11,16.64,106523.94
2018-10-28 09-AM,BTCUSD,6404.03,6404.04,6403.11,6403.12,15.5,99232.78
2018-10-28 08-AM,BTCUSD,6408.6,6408.6,6404.03,6404.03,47.17,302219.89
2018-10-28 07-AM,BTCUSD,6407.71,6409.9,6403.84,6408.6,76.37,489336.06
2018-10-28 06-AM,BTCUSD,6410.83,6410.84,6407.71,6407.71,100.32,643074.24
2018-10-28 05-AM,BTCUSD,6410.83,6410.84,6410.83,6410.83,31.69,203173.43
2018-10-28 04-AM,BTCUSD,6410.06,6412.29,6410.06,6410.83,79.45,509380.94
2018-10-28 03-AM,BTCUSD,6405.54,6410.07,6405.54,6410.06,119.29,764438.61
2018-10-28 02-AM,BTCUSD,6404.99,6405.55,6403.85,6405.54,74.26,475643.24
2018-10-28 01-AM,BTCUSD,6405.26,6406.31,6403.77,6404.99,68.55,439054.29
2018-10-28 12-AM,BTCUSD,6409.12,6409.12,6403.87,6405.26,63.94,409638.58
2018-10-27 11-PM,BTCUSD,6414.95,6414.96,6407.9,6409.12,93.63,600213.28
2018-10-27 10-PM,BTCUSD,6409,6414.96,6407.9,6414.95,94.75,607616.24
2018-10-27 09-PM,BTCUSD,6402.05,6409.68,6402.01,6409,134.98,864748.86
2018-10-27 08-PM,BTCUSD,6403.27,6405,6399.99,6402.05,112.23,718609.29
2018-10-27 07-PM,BTCUSD,6401.01,6405,6399.99,6403.27,108.52,694877.38
2018-10-27 06-PM,BTCUSD,6405.74,6407.41,6397.02,6401.01,72.77,465918.03
2018-10-27 05-PM,BTCUSD,6399.93,6407.4,6399.11,6405.74,114.12,730560.49
2018-10-27 04-PM,BTCUSD,6395.8,6399.93,6390,6399.93,103.05,658883.37
2018-10-27 03-PM,BTCUSD,6395.76,6399.93,6390.3,6395.8,139.67,893100.36
2018-10-27 02-PM,BTCUSD,6397.33,6400,6392.07,6395.76,123.14,787641.6
2018-10-27 01-PM,BTCUSD,6403.96,6410.6,6397.32,6397.33,203.05,1300305.4
2018-10-27 12-PM,BTCUSD,6402.04,6405.14,6402.03,6403.96,79.36,508219.1
2018-10-27 11-AM,BTCUSD,6405.01,6405.87,6397.3,6402.04,69.65,445829.76
2018-10-27 10-AM,BTCUSD,6408.01,6414.12,6405,6405.01,57.08,365808.57
2018-10-27 09-AM,BTCUSD,6404.72,6410.91,6402.5,6408.01,38.36,245748.06
2018-10-27 08-AM,BTCUSD,6416.16,6416.17,6403.63,6404.72,81.93,525184.53
2018-10-27 07-AM,BTCUSD,6416.8,6419.05,6416.16,6416.16,49.17,315517.21
2018-10-27 06-AM,BTCUSD,6416.17,6416.8,6416.16,6416.8,43.67,280222.91
2018-10-27 05-AM,BTCUSD,6416.65,6419.5,6416.16,6416.17,51.98,333563.28
2018-10-27 04-AM,BTCUSD,6417.15,6418.62,6416.16,6416.65,62.68,402216.53
2018-10-27 03-AM,BTCUSD,6412.41,6421.76,6412.4,6417.15,80.09,513825.13
2018-10-27 02-AM,BTCUSD,6410,6416.67,6409.99,6412.41,110.58,709004.36
2018-10-27 01-AM,BTCUSD,6408.67,6410,6407,6410,156.43,1002604.07
2018-10-27 12-AM,BTCUSD,6404.87,6409.94,6404.06,6408.67,83.72,536399.21
2018-10-26 11-PM,BTCUSD,6407.51,6409.92,6402.35,6404.87,155.58,996504.0
2018-10-26 10-PM,BTCUSD,6398.96,6407.75,6396.99,6407.51,196.14,1255765.86
2018-10-26 09-PM,BTCUSD,6401.93,6401.93,6392.31,6398.96,153.77,983934.1
2018-10-26 08-PM,BTCUSD,6402,6404,6400.86,6401.93,157.98,1011382.94
2018-10-26 07-PM,BTCUSD,6401.97,6402,6397.7,6402,129.93,831653.25
2018-10-26 06-PM,BTCUSD,6406,6407,6397.81,6401.97,224.59,1438014.73
2018-10-26 05-PM,BTCUSD,6407.55,6407.55,6405.07,6406,158.7,1016767.62
2018-10-26 04-PM,BTCUSD,6396.19,6408,6396.19,6407.55,254.34,1628556.84
2018-10-26 03-PM,BTCUSD,6395,6405,6391.5,6396.19,296.96,1899550.58
2018-10-26 02-PM,BTCUSD,6392.83,6395,6389,6395,224.46,1434703.16
2018-10-26 01-PM,BTCUSD,6406.06,6406.09,6392.7,6392.83,175.39,1122156.03
2018-10-26 12-PM,BTCUSD,6415,6415,6400.37,6406.06,100.53,643960.05
2018-10-26 11-AM,BTCUSD,6418,6420,6413.35,6415,96.08,616613.14
2018-10-26 10-AM,BTCUSD,6414.97,6418.64,6411,6418,70.62,453002.77
2018-10-26 09-AM,BTCUSD,6424.61,6425.75,6412.29,6414.97,127.77,820482.34
2018-10-26 08-AM,BTCUSD,6386.99,6450,6383.54,6424.61,617.37,3965965.33
2018-10-26 07-AM,BTCUSD,6389.18,6390.16,6384,6386.99,117.41,749928.54
2018-10-26 06-AM,BTCUSD,6388.88,6389.18,6388.87,6389.18,54.68,349340.77
2018-10-26 05-AM,BTCUSD,6386,6390.05,6386,6388.88,81.68,521831.26
2018-10-26 04-AM,BTCUSD,6390.07,6390.07,6384.09,6386,91.46,584184.44
2018-10-26 03-AM,BTCUSD,6393.09,6395.35,6390.06,6390.07,91.07,582255.85
2018-10-26 02-AM,BTCUSD,6393.03,6394.01,6391.25,6393.09,90.63,579380.1
2018-10-26 01-AM,BTCUSD,6397.41,6401.34,6392.22,6393.03,123.64,791021.97
2018-10-26 12-AM,BTCUSD,6395.58,6402.9,6392.59,6397.41,133.06,851305.48
2018-10-25 11-PM,BTCUSD,6410.01,6411.03,6395.57,6395.58,193.1,1236688.77
2018-10-25 10-PM,BTCUSD,6401.02,6411.52,6399,6410.01,254.44,1629447.03
2018-10-25 09-PM,BTCUSD,6400.03,6403.45,6393.01,6401.02,179.33,1147494.03
2018-10-25 08-PM,BTCUSD,6405.92,6405.92,6398.04,6400.03,194.01,1242005.81
2018-10-25 07-PM,BTCUSD,6412.15,6414,6404.58,6405.92,165.17,1058712.34
2018-10-25 06-PM,BTCUSD,6396.55,6415.01,6396.54,6412.15,362.39,2321421.53
2018-10-25 05-PM,BTCUSD,6398.45,6400.1,6396.52,6396.55,202.27,1294287.45
2018-10-25 04-PM,BTCUSD,6396.55,6402.85,6396.52,6398.45,167.43,1071609.57
2018-10-25 03-PM,BTCUSD,6403.37,6403.37,6394.25,6396.55,213.96,1368912.41
2018-10-25 02-PM,BTCUSD,6404.54,6408.21,6403.36,6403.37,95.13,609356.85
2018-10-25 01-PM,BTCUSD,6398.2,6408.98,6397.13,6404.54,138.01,883684.64
2018-10-25 12-PM,BTCUSD,6393.76,6400.61,6393,6398.2,101.06,646506.75
2018-10-25 11-AM,BTCUSD,6390,6401.64,6388.53,6393.76,108.51,693825.65
2018-10-25 10-AM,BTCUSD,6395.95,6395.95,6390,6390,44.11,282010.48
2018-10-25 09-AM,BTCUSD,6403.11,6403.11,6394.6,6395.95,39.87,255047.63
2018-10-25 08-AM,BTCUSD,6400.16,6404.08,6400.15,6403.11,89.42,572425.69
2018-10-25 07-AM,BTCUSD,6398.93,6406.01,6396.73,6400.16,64.26,411258.29
2018-10-25 06-AM,BTCUSD,6393.05,6400.25,6393.05,6398.93,71.48,457238.53
2018-10-25 05-AM,BTCUSD,6394,6394,6386.41,6393.05,97.67,624249.37
2018-10-25 04-AM,BTCUSD,6389,6394.69,6385.95,6394,106.01,677637.11
2018-10-25 03-AM,BTCUSD,6395,6396.9,6383.08,6389,153.09,978077.95
2018-10-25 02-AM,BTCUSD,6421.89,6421.89,6379.74,6395,292.68,1871043.6
2018-10-25 01-AM,BTCUSD,6421.89,6421.89,6421.88,6421.89,0.2863,1838.29
2018-10-25 12-AM,BTCUSD,6415.97,6422,6410.25,6421.89,113.27,726475.98
2018-10-24 11-PM,BTCUSD,6418.38,6420.01,6411.19,6415.97,165.46,1061466.3
2018-10-24 10-PM,BTCUSD,6430.42,6430.42,6418.37,6418.38,148.01,951105.24
2018-10-24 09-PM,BTCUSD,6425.01,6430.42,6424.09,6430.42,166.07,1067359.68
2018-10-24 08-PM,BTCUSD,6422.92,6438.98,6420.96,6425.01,312.63,2009794.77
2018-10-24 07-PM,BTCUSD,6426.12,6426.12,6417,6422.92,239.14,1535655.99
2018-10-24 06-PM,BTCUSD,6427.28,6428.81,6422.82,6426.12,160.19,1029347.62
2018-10-24 05-PM,BTCUSD,6423.01,6427.28,6416.9,6427.28,174.26,1119131.27
2018-10-24 04-PM,BTCUSD,6419.51,6424,6416,6423.01,193.59,1243229.82
2018-10-24 03-PM,BTCUSD,6435.41,6436.46,6419.5,6419.51,274.88,1765882.37
2018-10-24 02-PM,BTCUSD,6431.02,6436.46,6431.02,6435.41,243.91,1569665.09
2018-10-24 01-PM,BTCUSD,6431.14,6441.78,6430.97,6431.02,265.49,1708347.8
2018-10-24 12-PM,BTCUSD,6424.9,6443.74,6421,6431.14,294.91,1896023.59
2018-10-24 11-AM,BTCUSD,6432.12,6432.12,6423.22,6424.9,140.01,899799.31
2018-10-24 10-AM,BTCUSD,6429.99,6441,6429.99,6432.12,212.53,1368014.03
2018-10-24 09-AM,BTCUSD,6426.57,6430,6424,6429.99,94.45,606919.14
2018-10-24 08-AM,BTCUSD,6434.41,6434.42,6426.57,6426.57,45.9,295279.3
2018-10-24 07-AM,BTCUSD,6437.01,6437.01,6434,6434.41,70.4,452955.8
2018-10-24 06-AM,BTCUSD,6435.19,6440,6435.19,6437.01,216.77,1395275.2
2018-10-24 05-AM,BTCUSD,6457.68,6461.16,6435.01,6435.19,388.41,2505096.54
2018-10-24 04-AM,BTCUSD,6417.04,6470.99,6409.95,6457.68,477.69,3075353.09
2018-10-24 03-AM,BTCUSD,6400,6419.49,6399.99,6417.04,293.08,1878125.04
2018-10-24 02-AM,BTCUSD,6399.99,6400,6398.99,6400,160.82,1029181.57
2018-10-24 01-AM,BTCUSD,6401.39,6402,6398,6399.99,139.79,894635.87
2018-10-24 12-AM,BTCUSD,6395.14,6403.48,6395.13,6401.39,122.67,785180.99
2018-10-23 11-PM,BTCUSD,6393.73,6400,6392.44,6395.14,148.47,949856.24
2018-10-23 10-PM,BTCUSD,6398.11,6399.81,6390.95,6393.73,128.74,823214.17
2018-10-23 09-PM,BTCUSD,6393.72,6400.47,6391.73,6398.11,175.88,1125035.46
2018-10-23 08-PM,BTCUSD,6404.63,6404.63,6391.28,6393.72,243.92,1560066.98
2018-10-23 07-PM,BTCUSD,6389.99,6411.5,6389.98,6404.63,420.93,2695788.22
2018-10-23 06-PM,BTCUSD,6385.69,6389.99,6385.18,6389.99,160.54,1025464.84
2018-10-23 05-PM,BTCUSD,6391.99,6392,6384.04,6385.69,188.47,1203940.19
2018-10-23 04-PM,BTCUSD,6385.05,6392,6385.05,6391.99,171.76,1097050.94
2018-10-23 03-PM,BTCUSD,6381.59,6387.99,6381.59,6385.05,188.95,1206612.36
2018-10-23 02-PM,BTCUSD,6388.99,6389,6380.34,6381.59,137.79,879811.39
2018-10-23 01-PM,BTCUSD,6388.99,6394.72,6388.16,6388.99,238.38,1523696.99
2018-10-23 12-PM,BTCUSD,6373.34,6389,6371.02,6388.99,185.01,1179952.04
2018-10-23 11-AM,BTCUSD,6376,6378.05,6371.09,6373.34,105.58,673061.79
2018-10-23 10-AM,BTCUSD,6385.64,6385.64,6360,6376,206.39,1315889.46
2018-10-23 09-AM,BTCUSD,6398.22,6398.23,6379.99,6385.64,182.27,1164172.97
2018-10-23 08-AM,BTCUSD,6398.21,6398.23,6398.21,6398.22,66.79,427334.42
2018-10-23 07-AM,BTCUSD,6399.99,6400,6397.75,6398.21,59.59,381252.33
2018-10-23 06-AM,BTCUSD,6402.37,6402.38,6397.62,6399.99,76.42,489149.61
2018-10-23 05-AM,BTCUSD,6404.87,6406.68,6402.37,6402.37,80.61,516309.65
2018-10-23 04-AM,BTCUSD,6391.99,6405,6391.98,6404.87,126.18,807234.86
2018-10-23 03-AM,BTCUSD,6404.12,6407.72,6389.05,6391.99,182.08,1165217.36
2018-10-23 02-AM,BTCUSD,6407.47,6407.51,6402.69,6404.12,126.98,813384.34
2018-10-23 01-AM,BTCUSD,6408.95,6409.99,6407.45,6407.47,142.99,916327.68
2018-10-23 12-AM,BTCUSD,6407.65,6410.02,6404.11,6408.95,139.92,896595.31
2018-10-22 11-PM,BTCUSD,6404.5,6409.19,6404.5,6407.65,143.97,922456.79
2018-10-22 10-PM,BTCUSD,6405.39,6405.39,6399.88,6404.5,232.94,1491345.64
2018-10-22 09-PM,BTCUSD,6412.01,6413,6403.96,6405.39,149.34,957239.28
2018-10-22 08-PM,BTCUSD,6390.87,6413.49,6390.87,6412.01,254.27,1627967.12
2018-10-22 07-PM,BTCUSD,6391.37,6393.38,6389,6390.87,198.1,1266381.12
2018-10-22 06-PM,BTCUSD,6398.94,6399.89,6390,6391.37,210.04,1343474.11
2018-10-22 05-PM,BTCUSD,6397,6401.91,6396.99,6398.94,155.32,994069.94
2018-10-22 04-PM,BTCUSD,6393.64,6397.16,6392.23,6397,229.7,1468991.34
2018-10-22 03-PM,BTCUSD,6392.99,6398.59,6392.98,6393.64,246.08,1573960.56
2018-10-22 02-PM,BTCUSD,6396.46,6399.65,6387.77,6392.99,178.62,1142022.4
2018-10-22 01-PM,BTCUSD,6398.87,6399.19,6377.77,6396.46,238.93,1526485.84
2018-10-22 12-PM,BTCUSD,6400,6400,6394.29,6398.87,124.87,798726.08
2018-10-22 11-AM,BTCUSD,6399.99,6400,6396.8,6400,160.45,1026745.79
2018-10-22 10-AM,BTCUSD,6400.64,6400.64,6399.48,6399.99,83.18,532401.9
2018-10-22 09-AM,BTCUSD,6398.78,6400.65,6398.78,6400.64,52.33,334950.88
2018-10-22 08-AM,BTCUSD,6409,6409,6398.34,6398.78,168.26,1077270.96
2018-10-22 07-AM,BTCUSD,6416.17,6416.17,6408.99,6409,44.5,285371.96
2018-10-22 06-AM,BTCUSD,6420.68,6420.68,6416.16,6416.17,82.17,527494.99
2018-10-22 05-AM,BTCUSD,6420.05,6423.55,6420.04,6420.68,89.32,573653.7
2018-10-22 04-AM,BTCUSD,6413,6427.63,6410.78,6420.05,194.16,1246650.67
2018-10-22 03-AM,BTCUSD,6412.27,6418.03,6410,6413,86.32,553497.09
2018-10-22 02-AM,BTCUSD,6414.9,6418.02,6412.22,6412.27,124.7,799991.55
2018-10-22 01-AM,BTCUSD,6406.37,6418.03,6403,6414.9,103.28,662126.48
2018-10-22 12-AM,BTCUSD,6415.88,6415.88,6386,6406.37,276.66,1770346.56
2018-10-21 11-PM,BTCUSD,6418.76,6420,6406.19,6415.88,198.65,1273944.78
2018-10-21 10-PM,BTCUSD,6430,6430,6412.96,6418.76,121.48,780318.86
2018-10-21 09-PM,BTCUSD,6438.29,6438.3,6430,6430,87.72,564462.41
2018-10-21 08-PM,BTCUSD,6437.93,6438.3,6432.93,6438.29,79.55,512057.48
2018-10-21 07-PM,BTCUSD,6435.66,6439.29,6431.04,6437.93,147.21,947488.32
2018-10-21 06-PM,BTCUSD,6437.16,6439.22,6431.01,6435.66,160.29,1031664.02
2018-10-21 05-PM,BTCUSD,6438.15,6439.22,6431.68,6437.16,109.54,705024.44
2018-10-21 04-PM,BTCUSD,6440.82,6440.83,6437.22,6438.15,178.96,1152225.5
2018-10-21 03-PM,BTCUSD,6444.96,6448.91,6438,6440.82,136.78,881077.22
2018-10-21 02-PM,BTCUSD,6442.69,6450,6439.54,6444.96,107.77,694599.79
2018-10-21 01-PM,BTCUSD,6437.21,6445,6437.21,6442.69,65.63,422649.38
2018-10-21 12-PM,BTCUSD,6435.06,6442.41,6432.52,6437.21,47.54,306026.94
2018-10-21 11-AM,BTCUSD,6442.29,6442.3,6432.83,6435.06,32.06,206349.0
2018-10-21 10-AM,BTCUSD,6442.94,6448.9,6442.29,6442.29,31.73,204483.02
2018-10-21 09-AM,BTCUSD,6429.99,6443.82,6429.99,6442.94,26.72,171987.8
2018-10-21 08-AM,BTCUSD,6428.34,6430,6425.76,6429.99,25.31,162689.61
2018-10-21 07-AM,BTCUSD,6433.45,6435,6428.33,6428.34,48.86,314293.87
2018-10-21 06-AM,BTCUSD,6434.22,6435,6428.68,6433.45,36.71,236132.02
2018-10-21 05-AM,BTCUSD,6432.02,6435.29,6425.52,6434.22,51.47,330962.86
2018-10-21 04-AM,BTCUSD,6437.99,6438.89,6428.38,6432.02,72.63,467402.32
2018-10-21 03-AM,BTCUSD,6434.85,6439.99,6434.85,6437.99,84.25,542313.92
2018-10-21 02-AM,BTCUSD,6433.5,6443.57,6430.5,6434.85,132.37,852146.02
2018-10-21 01-AM,BTCUSD,6413.59,6452.87,6413.58,6433.5,263.24,1695223.57
2018-10-21 12-AM,BTCUSD,6414,6415.01,6405.57,6413.59,251.19,1610234.84
2018-10-20 11-PM,BTCUSD,6406.03,6414.23,6402.41,6414,95.66,612950.55
2018-10-20 10-PM,BTCUSD,6399.01,6414.55,6396.28,6406.03,123.41,790463.0
2018-10-20 09-PM,BTCUSD,6399.92,6400,6396.45,6399.01,90.76,580772.26
2018-10-20 08-PM,BTCUSD,6399.99,6399.99,6396.74,6399.92,92.95,594820.3
2018-10-20 07-PM,BTCUSD,6397.28,6399.99,6393.41,6399.99,119.21,762531.74
2018-10-20 06-PM,BTCUSD,6394.18,6399.89,6393.41,6397.28,86.65,554201.85
2018-10-20 05-PM,BTCUSD,6394,6396.7,6390.1,6394.18,104.97,671055.35
2018-10-20 04-PM,BTCUSD,6394.03,6401.14,6391.26,6394,144.92,926863.64
2018-10-20 03-PM,BTCUSD,6405,6406,6394.03,6394.03,145.37,930472.56
2018-10-20 02-PM,BTCUSD,6410,6412.72,6401,6405,128.41,822406.5
2018-10-20 01-PM,BTCUSD,6405,6410,6405,6410,128.63,824386.44
2018-10-20 12-PM,BTCUSD,6409.02,6409.03,6402.85,6405,65.09,416911.32
2018-10-20 11-AM,BTCUSD,6401.7,6409.6,6396.67,6409.02,73.98,473617.42
2018-10-20 10-AM,BTCUSD,6404.01,6404.02,6397.57,6401.7,108.04,691470.84
2018-10-20 09-AM,BTCUSD,6406.01,6410.68,6402.71,6404.01,62.2,398487.61
2018-10-20 08-AM,BTCUSD,6408,6410.68,6395.56,6406.01,481.48,3084217.96
2018-10-20 07-AM,BTCUSD,6412.44,6415.01,6406.36,6408,91.01,583297.84
2018-10-20 06-AM,BTCUSD,6385,6420,6385,6412.44,480.7,3076974.21
2018-10-20 05-AM,BTCUSD,6385.43,6385.43,6379.96,6385,63.5,405334.75
2018-10-20 04-AM,BTCUSD,6382.91,6386.42,6380.72,6385.43,68.11,434791.86
2018-10-20 03-AM,BTCUSD,6378.93,6382.92,6376.08,6382.91,62.06,396009.58
2018-10-20 02-AM,BTCUSD,6384.99,6388.88,6375.87,6378.93,123.55,788662.19
2018-10-20 01-AM,BTCUSD,6370.02,6386.02,6369.32,6384.99,254.93,1626592.23
2018-10-20 12-AM,BTCUSD,6382.98,6382.99,6369.42,6370.02,163.83,1044466.95
2018-10-19 11-PM,BTCUSD,6386.43,6386.44,6381.41,6382.98,149.83,956483.67
2018-10-19 10-PM,BTCUSD,6383,6386.44,6380,6386.43,119.09,760163.84
2018-10-19 09-PM,BTCUSD,6381.6,6386.44,6380.14,6383,135.46,864746.22
2018-10-19 08-PM,BTCUSD,6381.99,6385,6380,6381.6,245.25,1565329.44
2018-10-19 07-PM,BTCUSD,6392.02,6392.03,6381.95,6381.99,415.52,2654747.76
2018-10-19 06-PM,BTCUSD,6388.68,6397,6388.67,6392.02,202.78,1296325.3
2018-10-19 05-PM,BTCUSD,6389.98,6396.05,6387.01,6388.68,192.82,1232420.3
2018-10-19 04-PM,BTCUSD,6379.99,6390.48,6379.99,6389.98,260.04,1660664.13
2018-10-19 03-PM,BTCUSD,6374.07,6380,6372.79,6379.99,131.96,841652.69
2018-10-19 02-PM,BTCUSD,6382.91,6385,6373.79,6374.07,129.34,825081.19
2018-10-19 01-PM,BTCUSD,6376.22,6382.91,6376.22,6382.91,164.55,1050032.19
2018-10-19 12-PM,BTCUSD,6384.99,6385,6365,6376.22,165.3,1053837.39
2018-10-19 11-AM,BTCUSD,6382.56,6385,6377.36,6384.99,100.12,638714.67
2018-10-19 10-AM,BTCUSD,6378.55,6390.48,6378.55,6382.56,66.31,423426.16
2018-10-19 09-AM,BTCUSD,6376.75,6386.26,6376.72,6378.55,68.88,439477.04
2018-10-19 08-AM,BTCUSD,6365.01,6386.02,6361.69,6376.75,124.51,793091.38
2018-10-19 07-AM,BTCUSD,6367.55,6368.46,6363.84,6365.01,132.28,842269.04
2018-10-19 06-AM,BTCUSD,6375.01,6375.24,6355,6367.55,156.56,996832.21
2018-10-19 05-AM,BTCUSD,6398.01,6398.02,6375,6375.01,155.58,993623.81
2018-10-19 04-AM,BTCUSD,6395,6400.4,6394.99,6398.01,98.4,629540.92
2018-10-19 03-AM,BTCUSD,6401.69,6401.7,6390.49,6395,108.08,691352.1
2018-10-19 02-AM,BTCUSD,6388,6404.14,6387.99,6401.69,106.68,682426.77
2018-10-19 01-AM,BTCUSD,6402.72,6402.73,6387,6388,117.04,748832.11
2018-10-19 12-AM,BTCUSD,6394.96,6409.61,6394.95,6402.72,161.87,1036478.25
2018-10-18 11-PM,BTCUSD,6379.01,6400,6379.01,6394.96,156.82,1002935.29
2018-10-18 10-PM,BTCUSD,6379.99,6386,6357.91,6379.01,306.48,1952450.26
2018-10-18 09-PM,BTCUSD,6392.96,6392.96,6375,6379.99,351.54,2243540.78
2018-10-18 08-PM,BTCUSD,6396.99,6398.59,6391.14,6392.96,210.96,1349151.09
2018-10-18 07-PM,BTCUSD,6389.71,6397,6375.5,6396.99,269.29,1719997.9
2018-10-18 06-PM,BTCUSD,6393.76,6406.5,6373,6389.71,397.2,2539198.33
2018-10-18 05-PM,BTCUSD,6434.57,6435.73,6355,6393.76,811.37,5186292.72
2018-10-18 04-PM,BTCUSD,6440.05,6440.06,6430,6434.57,261.2,1680825.49
2018-10-18 03-PM,BTCUSD,6439.93,6440.06,6424.81,6440.05,349.54,2248515.97
2018-10-18 02-PM,BTCUSD,6435.03,6441,6431.34,6439.93,405.29,2608760.46
2018-10-18 01-PM,BTCUSD,6433.39,6436,6428,6435.03,288.65,1856719.89
2018-10-18 12-PM,BTCUSD,6429.9,6441.91,6427.23,6433.39,190.65,1226969.91
2018-10-18 11-AM,BTCUSD,6441.59,6443.39,6428.26,6429.9,172.57,1110616.22
2018-10-18 10-AM,BTCUSD,6439,6443.4,6439,6441.59,99.24,639171.21
2018-10-18 09-AM,BTCUSD,6435.9,6442,6435,6439,92.68,596657.68
2018-10-18 08-AM,BTCUSD,6441.4,6441.41,6412.2,6435.9,368.58,2369785.9
2018-10-18 07-AM,BTCUSD,6446,6446.01,6441.4,6441.4,141.15,909516.58
2018-10-18 06-AM,BTCUSD,6449,6452.87,6445.82,6446,194.6,1254965.75
2018-10-18 05-AM,BTCUSD,6455.42,6458,6445.81,6449,265.87,1715276.67
2018-10-18 04-AM,BTCUSD,6460.84,6464.76,6455.42,6455.42,235.21,1519461.03
2018-10-18 03-AM,BTCUSD,6449.98,6489.83,6449.97,6460.84,500.74,3236953.5
2018-10-18 02-AM,BTCUSD,6443,6449.98,6442.99,6449.98,281.93,1817315.78
2018-10-18 01-AM,BTCUSD,6439.99,6444.99,6436,6443,212.82,1371002.24
2018-10-18 12-AM,BTCUSD,6443.7,6443.7,6432.46,6439.99,256.88,1654267.54
2018-10-17 11-PM,BTCUSD,6443.16,6444.98,6440.1,6443.7,212.37,1368194.05
2018-10-17 10-PM,BTCUSD,6443,6448.65,6439.24,6443.16,180.35,1162480.66
2018-10-17 09-PM,BTCUSD,6434.95,6445.9,6432.07,6443,182.2,1173362.18
2018-10-17 08-PM,BTCUSD,6431.38,6435,6423.34,6434.95,225.11,1447178.08
2018-10-17 07-PM,BTCUSD,6438.11,6440.68,6431.37,6431.38,257.45,1657661.18
2018-10-17 06-PM,BTCUSD,6444,6445,6433.24,6438.11,192.02,1236385.89
2018-10-17 05-PM,BTCUSD,6447.99,6449.16,6441,6444,225.98,1456559.54
2018-10-17 04-PM,BTCUSD,6439,6448,6438.99,6447.99,247.72,1596143.36
2018-10-17 03-PM,BTCUSD,6435.01,6439,6430,6439,263.23,1693863.95
2018-10-17 02-PM,BTCUSD,6424.99,6440,6420.17,6435.01,255.49,1642670.23
2018-10-17 01-PM,BTCUSD,6428.73,6428.74,6416.4,6424.99,224.54,1441886.13
2018-10-17 12-PM,BTCUSD,6437.19,6439.61,6424.39,6428.73,184.74,1188285.39
2018-10-17 11-AM,BTCUSD,6422.17,6437.19,6411.19,6437.19,243.72,1565864.68
2018-10-17 10-AM,BTCUSD,6428.27,6432.49,6418.23,6422.17,105.32,676526.64
2018-10-17 09-AM,BTCUSD,6437.27,6437.28,6417.95,6428.27,246.93,1586676.87
2018-10-17 08-AM,BTCUSD,6431.37,6437.28,6427.51,6437.27,166.61,1071540.08
2018-10-17 07-AM,BTCUSD,6438.51,6438.51,6422.93,6431.37,131.71,846915.82
2018-10-17 06-AM,BTCUSD,6446,6450,6437.01,6438.51,89.03,573768.63
2018-10-17 05-AM,BTCUSD,6448.6,6457.06,6437.72,6446,156.41,1008422.45
2018-10-17 04-AM,BTCUSD,6447.93,6452.75,6440.86,6448.6,255.33,1645721.22
2018-10-17 03-AM,BTCUSD,6439.42,6453.6,6439.41,6447.93,306.9,1978506.34
2018-10-17 02-AM,BTCUSD,6445.45,6445.46,6433.61,6439.42,426.01,2743185.47
2018-10-17 01-AM,BTCUSD,6457.03,6459.99,6445.45,6445.45,262.38,1693328.44
2018-10-17 12-AM,BTCUSD,6457.11,6459.39,6443.67,6457.03,239.5,1545421.61
2018-10-16 11-PM,BTCUSD,6452.25,6482.1,6449.22,6457.11,589.93,3812755.78
2018-10-16 10-PM,BTCUSD,6457.81,6458,6441.61,6452.25,248.05,1600038.91
2018-10-16 09-PM,BTCUSD,6462.55,6462.55,6442.84,6457.81,282.59,1822603.03
2018-10-16 08-PM,BTCUSD,6440.01,6475.5,6440,6462.55,3333.1,21517655.51
2018-10-16 07-PM,BTCUSD,6435.62,6440.02,6420.66,6440.01,549.48,3533413.84
2018-10-16 06-PM,BTCUSD,6426.69,6438,6426.69,6435.62,180.12,1158879.15
2018-10-16 05-PM,BTCUSD,6413.36,6426.7,6413.35,6426.69,337.99,2169594.32
2018-10-16 04-PM,BTCUSD,6435,6437.98,6377.77,6413.36,784.31,5027595.95
2018-10-16 03-PM,BTCUSD,6435.2,6444,6434.5,6435,231.58,1491497.76
2018-10-16 02-PM,BTCUSD,6449.55,6450.12,6433.35,6435.2,219.48,1413792.57
2018-10-16 01-PM,BTCUSD,6439.78,6469.57,6439.78,6449.55,255.08,1646449.28
2018-10-16 12-PM,BTCUSD,6451.68,6453.45,6427,6439.78,172.42,1110244.27
2018-10-16 11-AM,BTCUSD,6435.09,6451.99,6432.57,6451.68,159.58,1028091.33
2018-10-16 10-AM,BTCUSD,6434.01,6439.21,6430.29,6435.09,68.81,442805.58
2018-10-16 09-AM,BTCUSD,6436.96,6442,6430.27,6434.01,69.6,447978.43
2018-10-16 08-AM,BTCUSD,6445.81,6445.82,6408.39,6436.96,310.91,1997604.43
2018-10-16 07-AM,BTCUSD,6451.24,6456,6445.17,6445.81,102.67,662319.53
2018-10-16 06-AM,BTCUSD,6478.11,6493.11,6451.23,6451.24,275.82,1785358.0
2018-10-16 05-AM,BTCUSD,6428,6488,6426.14,6478.11,379.71,2451552.34
2018-10-16 04-AM,BTCUSD,6426,6433.57,6425.01,6428,134.88,867111.83
2018-10-16 03-AM,BTCUSD,6432.99,6439.35,6423.01,6426,191.38,1230774.39
2018-10-16 02-AM,BTCUSD,6428.99,6435,6421.08,6432.99,198.76,1277905.47
2018-10-16 01-AM,BTCUSD,6432.5,6440,6421.5,6428.99,235.88,1516568.16
2018-10-16 12-AM,BTCUSD,6440.42,6440.78,6418,6432.5,240.71,1547096.8
2018-10-15 11-PM,BTCUSD,6430.51,6460,6430.5,6440.42,283.18,1824047.9
2018-10-15 10-PM,BTCUSD,6395.02,6448,6395.01,6430.51,540.28,3469289.5
2018-10-15 09-PM,BTCUSD,6390.01,6405,6385,6395.02,431.59,2760791.81
2018-10-15 08-PM,BTCUSD,6390,6409,6358.02,6390.01,579.87,3704957.77
2018-10-15 07-PM,BTCUSD,6395.01,6410.01,6388.1,6390,377.82,2419369.06
2018-10-15 06-PM,BTCUSD,6404.28,6420,6391.55,6395.01,594.53,3807116.68
2018-10-15 05-PM,BTCUSD,6422.62,6422.62,6400,6404.28,358.62,2298774.53
2018-10-15 04-PM,BTCUSD,6395.36,6425.62,6391,6422.62,861.27,5523608.46
2018-10-15 03-PM,BTCUSD,6375.01,6396.65,6372.02,6395.36,501.13,3198562.86
2018-10-15 02-PM,BTCUSD,6396.76,6396.76,6362.68,6375.01,581.27,3709344.27
2018-10-15 01-PM,BTCUSD,6405.77,6415.42,6360,6396.76,575.73,3679972.44
2018-10-15 12-PM,BTCUSD,6404.5,6417.37,6374,6405.77,242.02,1549117.05
2018-10-15 11-AM,BTCUSD,6418.91,6440.67,6390.76,6404.5,401.49,2576574.22
2018-10-15 10-AM,BTCUSD,6423.79,6455.55,6402,6418.91,385.38,2477430.19
2018-10-15 09-AM,BTCUSD,6402.73,6430,6360.6,6423.79,331.14,2118001.64
2018-10-15 08-AM,BTCUSD,6415.87,6466.55,6381.94,6402.73,758.7,4872189.79
2018-10-15 07-AM,BTCUSD,6657.08,6659.97,6414,6415.87,3279.46,21313467.87
2018-10-15 06-AM,BTCUSD,6363.9,6810,6363.89,6657.08,5909.11,38988145.42
2018-10-15 05-AM,BTCUSD,6212.47,6407,6212.46,6363.9,2058.02,13006742.38
2018-10-15 04-AM,BTCUSD,6218.61,6218.61,6207.49,6212.47,181.28,1126432.7
2018-10-15 03-AM,BTCUSD,6205.22,6218.61,6200.41,6218.61,115.59,717854.52
2018-10-15 02-AM,BTCUSD,6211,6211,6200,6205.22,125.47,778503.03
2018-10-15 01-AM,BTCUSD,6192.94,6211,6192.94,6211,181.18,1123307.5
2018-10-15 12-AM,BTCUSD,6183.49,6197.24,6151.58,6192.94,320.94,1981185.86
2018-10-14 11-PM,BTCUSD,6200.93,6205,6151,6183.49,424.0,2620744.31
2018-10-14 10-PM,BTCUSD,6202.76,6211.94,6200.23,6200.93,177.98,1104855.93
2018-10-14 09-PM,BTCUSD,6220.22,6220.22,6202.76,6202.76,157.19,976373.43
2018-10-14 08-PM,BTCUSD,6244.81,6249.84,6200.77,6220.22,230.33,1433794.63
2018-10-14 07-PM,BTCUSD,6237.99,6248.55,6235.65,6244.81,117.97,736360.66
2018-10-14 06-PM,BTCUSD,6237.03,6244.5,6230.01,6237.99,135.21,843561.38
2018-10-14 05-PM,BTCUSD,6241.69,6241.69,6235,6237.03,109.89,685464.58
2018-10-14 04-PM,BTCUSD,6242.94,6249.66,6237.77,6241.69,108.97,680313.95
2018-10-14 03-PM,BTCUSD,6225,6244.96,6224.59,6242.94,171.18,1067082.81
2018-10-14 02-PM,BTCUSD,6225,6227.16,6222.92,6225,107.86,671405.58
2018-10-14 01-PM,BTCUSD,6231.81,6235,6221.44,6225,88.51,551339.0
2018-10-14 12-PM,BTCUSD,6217.99,6234.8,6217.99,6231.81,186.29,1160476.34
2018-10-14 11-AM,BTCUSD,6221.01,6221.02,6212.25,6217.99,69.75,433624.34
2018-10-14 10-AM,BTCUSD,6230.92,6231.06,6221,6221.01,47.0,292682.58
2018-10-14 09-AM,BTCUSD,6241.96,6241.96,6226.87,6230.92,66.13,412321.75
2018-10-14 08-AM,BTCUSD,6243.98,6245,6241.08,6241.96,52.55,328092.79
2018-10-14 07-AM,BTCUSD,6243.9,6259.62,6239,6243.98,157.8,985630.78
2018-10-14 06-AM,BTCUSD,6244.05,6254.99,6240.53,6243.9,59.03,368847.45
2018-10-14 05-AM,BTCUSD,6263,6274.75,6242.01,6244.05,105.98,663457.32
2018-10-14 04-AM,BTCUSD,6222.07,6288.36,6222.07,6263,367.4,2300402.21
2018-10-14 03-AM,BTCUSD,6204.44,6226.06,6204.43,6222.07,372.58,2317118.42
2018-10-14 02-AM,BTCUSD,6203.53,6204.69,6200.01,6204.44,100.34,622482.38
2018-10-14 01-AM,BTCUSD,6198.06,6203.69,6197.06,6203.53,122.16,757526.68
2018-10-14 12-AM,BTCUSD,6196,6201,6196,6198.06,121.11,750703.38
2018-10-13 11-PM,BTCUSD,6201.69,6203,6193.43,6196,202.51,1255380.97
2018-10-13 10-PM,BTCUSD,6194.63,6202.99,6193.06,6201.69,189.15,1172373.81
2018-10-13 09-PM,BTCUSD,6192.36,6200,6192.36,6194.63,126.12,781354.93
2018-10-13 08-PM,BTCUSD,6199.01,6202.22,6191.81,6192.36,127.75,791444.94
2018-10-13 07-PM,BTCUSD,6185,6202.12,6182.82,6199.01,340.98,2111561.76
2018-10-13 06-PM,BTCUSD,6202.97,6202.97,6184.99,6185,276.63,1714919.49
2018-10-13 05-PM,BTCUSD,6202.99,6204.94,6200.11,6202.97,284.97,1767668.42
2018-10-13 04-PM,BTCUSD,6205,6206.08,6200.1,6202.99,196.12,1216476.29
2018-10-13 03-PM,BTCUSD,6200.99,6205.01,6200.98,6205,206.76,1282848.21
2018-10-13 02-PM,BTCUSD,6193.65,6201.03,6193.65,6200.99,151.79,940757.13
2018-10-13 01-PM,BTCUSD,6197.28,6199.99,6192.15,6193.65,181.56,1125144.64
2018-10-13 12-PM,BTCUSD,6205,6205,6192.52,6197.28,83.03,514582.37
2018-10-13 11-AM,BTCUSD,6200.51,6208.63,6200.51,6205,129.86,805810.4
2018-10-13 10-AM,BTCUSD,6206.98,6210,6200.51,6200.51,78.81,489164.93
2018-10-13 09-AM,BTCUSD,6194.36,6212,6194.35,6206.98,111.27,690527.91
2018-10-13 08-AM,BTCUSD,6194.33,6199.36,6194.33,6194.36,52.49,325177.23
2018-10-13 07-AM,BTCUSD,6201.19,6201.19,6189.38,6194.33,121.4,751702.56
2018-10-13 06-AM,BTCUSD,6200.01,6201.19,6197.1,6201.19,88.29,547291.82
2018-10-13 05-AM,BTCUSD,6193.61,6203.39,6193.6,6200.01,81.26,503792.35
2018-10-13 04-AM,BTCUSD,6185.4,6193.61,6180.01,6193.61,101.83,630222.06
2018-10-13 03-AM,BTCUSD,6198.8,6198.81,6178.01,6185.4,151.13,935146.06
2018-10-13 02-AM,BTCUSD,6204.99,6207.8,6194.85,6198.8,128.52,796835.92
2018-10-13 01-AM,BTCUSD,6194.5,6205,6194.49,6204.99,140.12,868578.98
2018-10-13 12-AM,BTCUSD,6188.01,6209.66,6178,6194.5,170.32,1055653.81
2018-10-12 11-PM,BTCUSD,6192.93,6201.79,6187.77,6188.01,127.99,792693.25
2018-10-12 10-PM,BTCUSD,6210,6210.01,6178,6192.93,263.56,1632818.01
2018-10-12 09-PM,BTCUSD,6215.99,6221.5,6210,6210,249.55,1551628.53
2018-10-12 08-PM,BTCUSD,6211.98,6216.5,6209.35,6215.99,194.6,1208993.45
2018-10-12 07-PM,BTCUSD,6204.16,6211.99,6204.15,6211.98,152.67,947607.31
2018-10-12 06-PM,BTCUSD,6199.59,6205.43,6190.19,6204.16,188.19,1167130.06
2018-10-12 05-PM,BTCUSD,6215,6219,6188,6199.59,524.2,3253720.83
2018-10-12 04-PM,BTCUSD,6226.03,6226.03,6213,6215,220.46,1370768.05
2018-10-12 03-PM,BTCUSD,6212.06,6228.12,6207.81,6226.03,234.85,1461016.57
2018-10-12 02-PM,BTCUSD,6202.13,6212.74,6199.9,6212.06,220.25,1367209.41
2018-10-12 01-PM,BTCUSD,6218.48,6220,6199.96,6202.13,298.58,1855095.89
2018-10-12 12-PM,BTCUSD,6209.18,6219,6209.17,6218.48,201.77,1254282.89
2018-10-12 11-AM,BTCUSD,6209.91,6214.31,6201.01,6209.18,107.29,666084.33
2018-10-12 10-AM,BTCUSD,6203.13,6215.35,6203.12,6209.91,168.82,1048285.7
2018-10-12 09-AM,BTCUSD,6216.27,6218,6201,6203.13,93.96,583322.14
2018-10-12 08-AM,BTCUSD,6224.03,6225.22,6213.48,6216.27,106.28,661037.31
2018-10-12 07-AM,BTCUSD,6220,6235.2,6213,6224.03,257.71,1603810.9
2018-10-12 06-AM,BTCUSD,6199.99,6220,6199.98,6220,257.33,1598109.49
2018-10-12 05-AM,BTCUSD,6198.28,6199.99,6189.52,6199.99,103.85,643473.71
2018-10-12 04-AM,BTCUSD,6189.99,6199.99,6185.01,6198.28,217.31,1346454.1
2018-10-12 03-AM,BTCUSD,6183,6189.99,6169,6189.99,153.17,946489.14
2018-10-12 02-AM,BTCUSD,6171.68,6188.43,6171.67,6183,235.59,1456256.28
2018-10-12 01-AM,BTCUSD,6150.43,6179.25,6150.42,6171.68,338.38,2087117.49
2018-10-12 12-AM,BTCUSD,6154.69,6169.91,6111.97,6150.43,496.6,3051225.77
2018-10-11 11-PM,BTCUSD,6191.12,6198.29,6111,6154.69,687.48,4232778.73
2018-10-11 10-PM,BTCUSD,6196.7,6196.7,6177.07,6191.12,235.4,1456586.5
2018-10-11 09-PM,BTCUSD,6204.45,6204.95,6190,6196.7,195.45,1211833.63
2018-10-11 08-PM,BTCUSD,6199.96,6211,6141,6204.45,618.73,3828033.88
2018-10-11 07-PM,BTCUSD,6193.81,6205.81,6190.03,6199.96,341.74,2118384.18
2018-10-11 06-PM,BTCUSD,6211.48,6218.31,6193.81,6193.81,334.3,2075919.6
2018-10-11 05-PM,BTCUSD,6208.18,6225,6207.1,6211.48,435.23,2705811.95
2018-10-11 04-PM,BTCUSD,6193.99,6210.16,6187.61,6208.18,273.6,1696939.06
2018-10-11 03-PM,BTCUSD,6214.01,6219.81,6185.53,6193.99,476.13,2951061.29
2018-10-11 02-PM,BTCUSD,6207.61,6234.53,6205,6214.01,487.71,3033192.56
2018-10-11 01-PM,BTCUSD,6194.78,6225.24,6105.02,6207.61,1154.16,7125858.15
2018-10-11 12-PM,BTCUSD,6178.63,6204.88,6178.63,6194.78,250.56,1552607.64
2018-10-11 11-AM,BTCUSD,6209.93,6209.93,6175,6178.63,222.14,1376389.94
2018-10-11 10-AM,BTCUSD,6213.06,6216,6198.22,6209.93,192.07,1192454.09
2018-10-11 09-AM,BTCUSD,6206.89,6214.15,6189,6213.06,173.04,1073202.21
2018-10-11 08-AM,BTCUSD,6207.53,6216.21,6203.36,6206.89,156.95,974781.3
2018-10-11 07-AM,BTCUSD,6188.57,6211.07,6146,6207.53,454.85,2813006.96
2018-10-11 06-AM,BTCUSD,6208.1,6210,6153.05,6188.57,363.94,2252469.41
2018-10-11 05-AM,BTCUSD,6225.34,6233.84,6185.77,6208.1,361.55,2245236.24
2018-10-11 04-AM,BTCUSD,6222.01,6260.38,6211.84,6225.34,542.06,3378898.7
2018-10-11 03-AM,BTCUSD,6190.35,6248,6190.35,6222.01,1187.7,7386659.14
2018-10-11 02-AM,BTCUSD,6222.11,6225.83,6130,6190.35,1874.66,11598496.25
2018-10-11 01-AM,BTCUSD,6466.96,6466.96,6033.34,6222.11,7362.22,45540011.31
2018-10-11 12-AM,BTCUSD,6524.56,6524.56,6460.32,6466.96,387.66,2514996.18